Score,Computation Time,Budget,Find Components,Graph Type,Sampling Model,Prediction Method
60.0,-0.030048370361328125,10,epsilon,None-None,<class 'QueryModels.RandomSampling'>,euclidean
73.0,-0.030048370361328125,20,epsilon,None-None,<class 'QueryModels.RandomSampling'>,euclidean
76.0,-0.030048370361328125,30,epsilon,None-None,<class 'QueryModels.RandomSampling'>,euclidean
87.0,-0.030048370361328125,40,epsilon,None-None,<class 'QueryModels.RandomSampling'>,euclidean
65.0,-0.033490896224975586,10,epsilon,None-None,<class 'QueryModels.RandomSampling'>,1fermat
84.0,-0.033490896224975586,20,epsilon,None-None,<class 'QueryModels.RandomSampling'>,1fermat
88.0,-0.033490896224975586,30,epsilon,None-None,<class 'QueryModels.RandomSampling'>,1fermat
89.0,-0.033490896224975586,40,epsilon,None-None,<class 'QueryModels.RandomSampling'>,1fermat
60.0,-0.03171277046203613,10,epsilon,None-None,<class 'QueryModels.RandomSampling'>,2fermat
57.0,-0.03171277046203613,20,epsilon,None-None,<class 'QueryModels.RandomSampling'>,2fermat
60.0,-0.03171277046203613,30,epsilon,None-None,<class 'QueryModels.RandomSampling'>,2fermat
65.0,-0.03171277046203613,40,epsilon,None-None,<class 'QueryModels.RandomSampling'>,2fermat
75.0,-0.032088279724121094,10,epsilon,None-euclidean,<class 'QueryModels.KmeansSampling'>,euclidean
87.0,-0.032088279724121094,20,epsilon,None-euclidean,<class 'QueryModels.KmeansSampling'>,euclidean
90.0,-0.032088279724121094,30,epsilon,None-euclidean,<class 'QueryModels.KmeansSampling'>,euclidean
91.0,-0.032088279724121094,40,epsilon,None-euclidean,<class 'QueryModels.KmeansSampling'>,euclidean
81.0,-0.03483748435974121,10,epsilon,None-euclidean,<class 'QueryModels.KmeansSampling'>,1fermat
88.0,-0.03483748435974121,20,epsilon,None-euclidean,<class 'QueryModels.KmeansSampling'>,1fermat
88.0,-0.03483748435974121,30,epsilon,None-euclidean,<class 'QueryModels.KmeansSampling'>,1fermat
90.0,-0.03483748435974121,40,epsilon,None-euclidean,<class 'QueryModels.KmeansSampling'>,1fermat
60.0,-0.03443479537963867,10,epsilon,None-euclidean,<class 'QueryModels.KmeansSampling'>,2fermat
66.0,-0.03443479537963867,20,epsilon,None-euclidean,<class 'QueryModels.KmeansSampling'>,2fermat
66.0,-0.03443479537963867,30,epsilon,None-euclidean,<class 'QueryModels.KmeansSampling'>,2fermat
69.0,-0.03443479537963867,40,epsilon,None-euclidean,<class 'QueryModels.KmeansSampling'>,2fermat
68.0,-0.034577131271362305,10,epsilon,full-2fermat,<class 'QueryModels.GraphKmeansSampling'>,euclidean
82.0,-0.034577131271362305,20,epsilon,full-2fermat,<class 'QueryModels.GraphKmeansSampling'>,euclidean
88.0,-0.034577131271362305,30,epsilon,full-2fermat,<class 'QueryModels.GraphKmeansSampling'>,euclidean
90.0,-0.034577131271362305,40,epsilon,full-2fermat,<class 'QueryModels.GraphKmeansSampling'>,euclidean
81.0,-0.034330129623413086,10,epsilon,full-2fermat,<class 'QueryModels.GraphKmeansSampling'>,1fermat
87.0,-0.034330129623413086,20,epsilon,full-2fermat,<class 'QueryModels.GraphKmeansSampling'>,1fermat
86.0,-0.034330129623413086,30,epsilon,full-2fermat,<class 'QueryModels.GraphKmeansSampling'>,1fermat
88.0,-0.034330129623413086,40,epsilon,full-2fermat,<class 'QueryModels.GraphKmeansSampling'>,1fermat
41.0,-0.03612565994262695,10,epsilon,full-2fermat,<class 'QueryModels.GraphKmeansSampling'>,2fermat
63.0,-0.03612565994262695,20,epsilon,full-2fermat,<class 'QueryModels.GraphKmeansSampling'>,2fermat
70.0,-0.03612565994262695,30,epsilon,full-2fermat,<class 'QueryModels.GraphKmeansSampling'>,2fermat
70.0,-0.03612565994262695,40,epsilon,full-2fermat,<class 'QueryModels.GraphKmeansSampling'>,2fermat
72.0,-0.038083791732788086,10,epsilon,epsilon-euclidean,<class 'QueryModels.ProbCoverSampling'>,euclidean
85.0,-0.038083791732788086,20,epsilon,epsilon-euclidean,<class 'QueryModels.ProbCoverSampling'>,euclidean
88.0,-0.038083791732788086,30,epsilon,epsilon-euclidean,<class 'QueryModels.ProbCoverSampling'>,euclidean
90.0,-0.038083791732788086,40,epsilon,epsilon-euclidean,<class 'QueryModels.ProbCoverSampling'>,euclidean
77.0,-0.03860783576965332,10,epsilon,epsilon-euclidean,<class 'QueryModels.ProbCoverSampling'>,1fermat
86.0,-0.03860783576965332,20,epsilon,epsilon-euclidean,<class 'QueryModels.ProbCoverSampling'>,1fermat
89.0,-0.03860783576965332,30,epsilon,epsilon-euclidean,<class 'QueryModels.ProbCoverSampling'>,1fermat
90.0,-0.03860783576965332,40,epsilon,epsilon-euclidean,<class 'QueryModels.ProbCoverSampling'>,1fermat
69.0,-0.03382396697998047,10,epsilon,epsilon-euclidean,<class 'QueryModels.ProbCoverSampling'>,2fermat
72.0,-0.03382396697998047,20,epsilon,epsilon-euclidean,<class 'QueryModels.ProbCoverSampling'>,2fermat
74.0,-0.03382396697998047,30,epsilon,epsilon-euclidean,<class 'QueryModels.ProbCoverSampling'>,2fermat
75.0,-0.03382396697998047,40,epsilon,epsilon-euclidean,<class 'QueryModels.ProbCoverSampling'>,2fermat
64.0,-0.033638715744018555,10,epsilon,epsilon-2fermat,<class 'QueryModels.ProbCoverSampling'>,euclidean
81.0,-0.033638715744018555,20,epsilon,epsilon-2fermat,<class 'QueryModels.ProbCoverSampling'>,euclidean
85.0,-0.033638715744018555,30,epsilon,epsilon-2fermat,<class 'QueryModels.ProbCoverSampling'>,euclidean
87.0,-0.033638715744018555,40,epsilon,epsilon-2fermat,<class 'QueryModels.ProbCoverSampling'>,euclidean
69.0,-0.035182952880859375,10,epsilon,epsilon-2fermat,<class 'QueryModels.ProbCoverSampling'>,1fermat
82.0,-0.035182952880859375,20,epsilon,epsilon-2fermat,<class 'QueryModels.ProbCoverSampling'>,1fermat
86.0,-0.035182952880859375,30,epsilon,epsilon-2fermat,<class 'QueryModels.ProbCoverSampling'>,1fermat
86.0,-0.035182952880859375,40,epsilon,epsilon-2fermat,<class 'QueryModels.ProbCoverSampling'>,1fermat
69.0,-0.04337334632873535,10,epsilon,epsilon-2fermat,<class 'QueryModels.ProbCoverSampling'>,2fermat
72.0,-0.04337334632873535,20,epsilon,epsilon-2fermat,<class 'QueryModels.ProbCoverSampling'>,2fermat
73.0,-0.04337334632873535,30,epsilon,epsilon-2fermat,<class 'QueryModels.ProbCoverSampling'>,2fermat
74.0,-0.04337334632873535,40,epsilon,epsilon-2fermat,<class 'QueryModels.ProbCoverSampling'>,2fermat
50.0,-0.0002827644348144531,10,False,None-None,<class 'QueryModels.RandomSampling'>,euclidean
59.0,-0.0002827644348144531,20,False,None-None,<class 'QueryModels.RandomSampling'>,euclidean
69.0,-0.0002827644348144531,30,False,None-None,<class 'QueryModels.RandomSampling'>,euclidean
80.0,-0.0002827644348144531,40,False,None-None,<class 'QueryModels.RandomSampling'>,euclidean
58.0,-0.0003132820129394531,10,False,None-None,<class 'QueryModels.RandomSampling'>,1fermat
59.0,-0.0003132820129394531,20,False,None-None,<class 'QueryModels.RandomSampling'>,1fermat
81.0,-0.0003132820129394531,30,False,None-None,<class 'QueryModels.RandomSampling'>,1fermat
81.0,-0.0003132820129394531,40,False,None-None,<class 'QueryModels.RandomSampling'>,1fermat
40.0,-0.00017452239990234375,10,False,None-None,<class 'QueryModels.RandomSampling'>,2fermat
62.0,-0.00017452239990234375,20,False,None-None,<class 'QueryModels.RandomSampling'>,2fermat
64.0,-0.00017452239990234375,30,False,None-None,<class 'QueryModels.RandomSampling'>,2fermat
66.0,-0.00017452239990234375,40,False,None-None,<class 'QueryModels.RandomSampling'>,2fermat
68.0,-0.3823106288909912,10,False,None-euclidean,<class 'QueryModels.KmeansSampling'>,euclidean
83.0,-0.3823106288909912,20,False,None-euclidean,<class 'QueryModels.KmeansSampling'>,euclidean
92.0,-0.3823106288909912,30,False,None-euclidean,<class 'QueryModels.KmeansSampling'>,euclidean
93.0,-0.3823106288909912,40,False,None-euclidean,<class 'QueryModels.KmeansSampling'>,euclidean
76.0,-0.016879796981811523,10,False,None-euclidean,<class 'QueryModels.KmeansSampling'>,1fermat
91.0,-0.016879796981811523,20,False,None-euclidean,<class 'QueryModels.KmeansSampling'>,1fermat
93.0,-0.016879796981811523,30,False,None-euclidean,<class 'QueryModels.KmeansSampling'>,1fermat
93.0,-0.016879796981811523,40,False,None-euclidean,<class 'QueryModels.KmeansSampling'>,1fermat
50.0,-0.017461299896240234,10,False,None-euclidean,<class 'QueryModels.KmeansSampling'>,2fermat
73.0,-0.017461299896240234,20,False,None-euclidean,<class 'QueryModels.KmeansSampling'>,2fermat
74.0,-0.017461299896240234,30,False,None-euclidean,<class 'QueryModels.KmeansSampling'>,2fermat
75.0,-0.017461299896240234,40,False,None-euclidean,<class 'QueryModels.KmeansSampling'>,2fermat
73.0,-1.784019947052002,10,False,full-2fermat,<class 'QueryModels.GraphKmeansSampling'>,euclidean
84.0,-1.784019947052002,20,False,full-2fermat,<class 'QueryModels.GraphKmeansSampling'>,euclidean
87.0,-1.784019947052002,30,False,full-2fermat,<class 'QueryModels.GraphKmeansSampling'>,euclidean
90.0,-1.784019947052002,40,False,full-2fermat,<class 'QueryModels.GraphKmeansSampling'>,euclidean
76.0,-2.1295084953308105,10,False,full-2fermat,<class 'QueryModels.GraphKmeansSampling'>,1fermat
87.0,-2.1295084953308105,20,False,full-2fermat,<class 'QueryModels.GraphKmeansSampling'>,1fermat
91.0,-2.1295084953308105,30,False,full-2fermat,<class 'QueryModels.GraphKmeansSampling'>,1fermat
91.0,-2.1295084953308105,40,False,full-2fermat,<class 'QueryModels.GraphKmeansSampling'>,1fermat
62.0,-1.7884533405303955,10,False,full-2fermat,<class 'QueryModels.GraphKmeansSampling'>,2fermat
70.0,-1.7884533405303955,20,False,full-2fermat,<class 'QueryModels.GraphKmeansSampling'>,2fermat
71.0,-1.7884533405303955,30,False,full-2fermat,<class 'QueryModels.GraphKmeansSampling'>,2fermat
72.0,-1.7884533405303955,40,False,full-2fermat,<class 'QueryModels.GraphKmeansSampling'>,2fermat
81.0,-0.3511981964111328,10,False,epsilon-euclidean,<class 'QueryModels.ProbCoverSampling'>,euclidean
87.0,-0.3511981964111328,20,False,epsilon-euclidean,<class 'QueryModels.ProbCoverSampling'>,euclidean
89.0,-0.3511981964111328,30,False,epsilon-euclidean,<class 'QueryModels.ProbCoverSampling'>,euclidean
90.0,-0.3511981964111328,40,False,epsilon-euclidean,<class 'QueryModels.ProbCoverSampling'>,euclidean
82.0,-0.3442511558532715,10,False,epsilon-euclidean,<class 'QueryModels.ProbCoverSampling'>,1fermat
90.0,-0.3442511558532715,20,False,epsilon-euclidean,<class 'QueryModels.ProbCoverSampling'>,1fermat
91.0,-0.3442511558532715,30,False,epsilon-euclidean,<class 'QueryModels.ProbCoverSampling'>,1fermat
92.0,-0.3442511558532715,40,False,epsilon-euclidean,<class 'QueryModels.ProbCoverSampling'>,1fermat
57.0,-0.31776881217956543,10,False,epsilon-euclidean,<class 'QueryModels.ProbCoverSampling'>,2fermat
64.0,-0.31776881217956543,20,False,epsilon-euclidean,<class 'QueryModels.ProbCoverSampling'>,2fermat
66.0,-0.31776881217956543,30,False,epsilon-euclidean,<class 'QueryModels.ProbCoverSampling'>,2fermat
67.0,-0.31776881217956543,40,False,epsilon-euclidean,<class 'QueryModels.ProbCoverSampling'>,2fermat
57.0,-0.5942878723144531,10,False,epsilon-2fermat,<class 'QueryModels.ProbCoverSampling'>,euclidean
71.0,-0.5942878723144531,20,False,epsilon-2fermat,<class 'QueryModels.ProbCoverSampling'>,euclidean
79.0,-0.5942878723144531,30,False,epsilon-2fermat,<class 'QueryModels.ProbCoverSampling'>,euclidean
80.0,-0.5942878723144531,40,False,epsilon-2fermat,<class 'QueryModels.ProbCoverSampling'>,euclidean
75.0,-0.6302595138549805,10,False,epsilon-2fermat,<class 'QueryModels.ProbCoverSampling'>,1fermat
88.0,-0.6302595138549805,20,False,epsilon-2fermat,<class 'QueryModels.ProbCoverSampling'>,1fermat
90.0,-0.6302595138549805,30,False,epsilon-2fermat,<class 'QueryModels.ProbCoverSampling'>,1fermat
91.0,-0.6302595138549805,40,False,epsilon-2fermat,<class 'QueryModels.ProbCoverSampling'>,1fermat
44.0,-0.6471943855285645,10,False,epsilon-2fermat,<class 'QueryModels.ProbCoverSampling'>,2fermat
55.0,-0.6471943855285645,20,False,epsilon-2fermat,<class 'QueryModels.ProbCoverSampling'>,2fermat
56.0,-0.6471943855285645,30,False,epsilon-2fermat,<class 'QueryModels.ProbCoverSampling'>,2fermat
57.0,-0.6471943855285645,40,False,epsilon-2fermat,<class 'QueryModels.ProbCoverSampling'>,2fermat
44.0,-0.03969693183898926,10,epsilon,None-None,<class 'QueryModels.RandomSampling'>,euclidean
70.0,-0.03969693183898926,20,epsilon,None-None,<class 'QueryModels.RandomSampling'>,euclidean
78.0,-0.03969693183898926,30,epsilon,None-None,<class 'QueryModels.RandomSampling'>,euclidean
81.0,-0.03969693183898926,40,epsilon,None-None,<class 'QueryModels.RandomSampling'>,euclidean
52.0,-0.0434112548828125,10,epsilon,None-None,<class 'QueryModels.RandomSampling'>,1fermat
80.0,-0.0434112548828125,20,epsilon,None-None,<class 'QueryModels.RandomSampling'>,1fermat
87.0,-0.0434112548828125,30,epsilon,None-None,<class 'QueryModels.RandomSampling'>,1fermat
86.0,-0.0434112548828125,40,epsilon,None-None,<class 'QueryModels.RandomSampling'>,1fermat
41.0,-0.04164838790893555,10,epsilon,None-None,<class 'QueryModels.RandomSampling'>,2fermat
52.0,-0.04164838790893555,20,epsilon,None-None,<class 'QueryModels.RandomSampling'>,2fermat
59.0,-0.04164838790893555,30,epsilon,None-None,<class 'QueryModels.RandomSampling'>,2fermat
63.0,-0.04164838790893555,40,epsilon,None-None,<class 'QueryModels.RandomSampling'>,2fermat
79.0,-0.037325143814086914,10,epsilon,None-euclidean,<class 'QueryModels.KmeansSampling'>,euclidean
89.0,-0.037325143814086914,20,epsilon,None-euclidean,<class 'QueryModels.KmeansSampling'>,euclidean
88.0,-0.037325143814086914,30,epsilon,None-euclidean,<class 'QueryModels.KmeansSampling'>,euclidean
91.0,-0.037325143814086914,40,epsilon,None-euclidean,<class 'QueryModels.KmeansSampling'>,euclidean
82.0,-0.047946929931640625,10,epsilon,None-euclidean,<class 'QueryModels.KmeansSampling'>,1fermat
88.0,-0.047946929931640625,20,epsilon,None-euclidean,<class 'QueryModels.KmeansSampling'>,1fermat
91.0,-0.047946929931640625,30,epsilon,None-euclidean,<class 'QueryModels.KmeansSampling'>,1fermat
91.0,-0.047946929931640625,40,epsilon,None-euclidean,<class 'QueryModels.KmeansSampling'>,1fermat
54.0,-0.043351173400878906,10,epsilon,None-euclidean,<class 'QueryModels.KmeansSampling'>,2fermat
67.0,-0.043351173400878906,20,epsilon,None-euclidean,<class 'QueryModels.KmeansSampling'>,2fermat
69.0,-0.043351173400878906,30,epsilon,None-euclidean,<class 'QueryModels.KmeansSampling'>,2fermat
69.0,-0.043351173400878906,40,epsilon,None-euclidean,<class 'QueryModels.KmeansSampling'>,2fermat
53.0,-0.04234910011291504,10,epsilon,full-2fermat,<class 'QueryModels.GraphKmeansSampling'>,euclidean
80.0,-0.04234910011291504,20,epsilon,full-2fermat,<class 'QueryModels.GraphKmeansSampling'>,euclidean
88.0,-0.04234910011291504,30,epsilon,full-2fermat,<class 'QueryModels.GraphKmeansSampling'>,euclidean
88.0,-0.04234910011291504,40,epsilon,full-2fermat,<class 'QueryModels.GraphKmeansSampling'>,euclidean
73.0,-0.03560519218444824,10,epsilon,full-2fermat,<class 'QueryModels.GraphKmeansSampling'>,1fermat
91.0,-0.03560519218444824,20,epsilon,full-2fermat,<class 'QueryModels.GraphKmeansSampling'>,1fermat
88.0,-0.03560519218444824,30,epsilon,full-2fermat,<class 'QueryModels.GraphKmeansSampling'>,1fermat
91.0,-0.03560519218444824,40,epsilon,full-2fermat,<class 'QueryModels.GraphKmeansSampling'>,1fermat
57.0,-0.04138946533203125,10,epsilon,full-2fermat,<class 'QueryModels.GraphKmeansSampling'>,2fermat
60.0,-0.04138946533203125,20,epsilon,full-2fermat,<class 'QueryModels.GraphKmeansSampling'>,2fermat
62.0,-0.04138946533203125,30,epsilon,full-2fermat,<class 'QueryModels.GraphKmeansSampling'>,2fermat
63.0,-0.04138946533203125,40,epsilon,full-2fermat,<class 'QueryModels.GraphKmeansSampling'>,2fermat
69.0,-0.048547983169555664,10,epsilon,epsilon-euclidean,<class 'QueryModels.ProbCoverSampling'>,euclidean
88.0,-0.048547983169555664,20,epsilon,epsilon-euclidean,<class 'QueryModels.ProbCoverSampling'>,euclidean
90.0,-0.048547983169555664,30,epsilon,epsilon-euclidean,<class 'QueryModels.ProbCoverSampling'>,euclidean
92.0,-0.048547983169555664,40,epsilon,epsilon-euclidean,<class 'QueryModels.ProbCoverSampling'>,euclidean
82.0,-0.04339337348937988,10,epsilon,epsilon-euclidean,<class 'QueryModels.ProbCoverSampling'>,1fermat
87.0,-0.04339337348937988,20,epsilon,epsilon-euclidean,<class 'QueryModels.ProbCoverSampling'>,1fermat
90.0,-0.04339337348937988,30,epsilon,epsilon-euclidean,<class 'QueryModels.ProbCoverSampling'>,1fermat
92.0,-0.04339337348937988,40,epsilon,epsilon-euclidean,<class 'QueryModels.ProbCoverSampling'>,1fermat
72.0,-0.038219451904296875,10,epsilon,epsilon-euclidean,<class 'QueryModels.ProbCoverSampling'>,2fermat
74.0,-0.038219451904296875,20,epsilon,epsilon-euclidean,<class 'QueryModels.ProbCoverSampling'>,2fermat
74.0,-0.038219451904296875,30,epsilon,epsilon-euclidean,<class 'QueryModels.ProbCoverSampling'>,2fermat
75.0,-0.038219451904296875,40,epsilon,epsilon-euclidean,<class 'QueryModels.ProbCoverSampling'>,2fermat
54.0,-0.04537057876586914,10,epsilon,epsilon-2fermat,<class 'QueryModels.ProbCoverSampling'>,euclidean
72.0,-0.04537057876586914,20,epsilon,epsilon-2fermat,<class 'QueryModels.ProbCoverSampling'>,euclidean
80.0,-0.04537057876586914,30,epsilon,epsilon-2fermat,<class 'QueryModels.ProbCoverSampling'>,euclidean
83.0,-0.04537057876586914,40,epsilon,epsilon-2fermat,<class 'QueryModels.ProbCoverSampling'>,euclidean
74.0,-0.044243812561035156,10,epsilon,epsilon-2fermat,<class 'QueryModels.ProbCoverSampling'>,1fermat
83.0,-0.044243812561035156,20,epsilon,epsilon-2fermat,<class 'QueryModels.ProbCoverSampling'>,1fermat
89.0,-0.044243812561035156,30,epsilon,epsilon-2fermat,<class 'QueryModels.ProbCoverSampling'>,1fermat
89.0,-0.044243812561035156,40,epsilon,epsilon-2fermat,<class 'QueryModels.ProbCoverSampling'>,1fermat
26.0,-0.044413089752197266,10,epsilon,epsilon-2fermat,<class 'QueryModels.ProbCoverSampling'>,2fermat
59.0,-0.044413089752197266,20,epsilon,epsilon-2fermat,<class 'QueryModels.ProbCoverSampling'>,2fermat
64.0,-0.044413089752197266,30,epsilon,epsilon-2fermat,<class 'QueryModels.ProbCoverSampling'>,2fermat
64.0,-0.044413089752197266,40,epsilon,epsilon-2fermat,<class 'QueryModels.ProbCoverSampling'>,2fermat
41.0,-0.0002543926239013672,10,False,None-None,<class 'QueryModels.RandomSampling'>,euclidean
66.0,-0.0002543926239013672,20,False,None-None,<class 'QueryModels.RandomSampling'>,euclidean
68.0,-0.0002543926239013672,30,False,None-None,<class 'QueryModels.RandomSampling'>,euclidean
80.0,-0.0002543926239013672,40,False,None-None,<class 'QueryModels.RandomSampling'>,euclidean
35.0,-0.0006952285766601562,10,False,None-None,<class 'QueryModels.RandomSampling'>,1fermat
53.0,-0.0006952285766601562,20,False,None-None,<class 'QueryModels.RandomSampling'>,1fermat
64.0,-0.0006952285766601562,30,False,None-None,<class 'QueryModels.RandomSampling'>,1fermat
73.0,-0.0006952285766601562,40,False,None-None,<class 'QueryModels.RandomSampling'>,1fermat
35.0,-0.00023865699768066406,10,False,None-None,<class 'QueryModels.RandomSampling'>,2fermat
57.0,-0.00023865699768066406,20,False,None-None,<class 'QueryModels.RandomSampling'>,2fermat
64.0,-0.00023865699768066406,30,False,None-None,<class 'QueryModels.RandomSampling'>,2fermat
68.0,-0.00023865699768066406,40,False,None-None,<class 'QueryModels.RandomSampling'>,2fermat
59.0,-0.09286165237426758,10,False,None-euclidean,<class 'QueryModels.KmeansSampling'>,euclidean
85.0,-0.09286165237426758,20,False,None-euclidean,<class 'QueryModels.KmeansSampling'>,euclidean
89.0,-0.09286165237426758,30,False,None-euclidean,<class 'QueryModels.KmeansSampling'>,euclidean
93.0,-0.09286165237426758,40,False,None-euclidean,<class 'QueryModels.KmeansSampling'>,euclidean
73.0,-0.026212453842163086,10,False,None-euclidean,<class 'QueryModels.KmeansSampling'>,1fermat
80.0,-0.026212453842163086,20,False,None-euclidean,<class 'QueryModels.KmeansSampling'>,1fermat
89.0,-0.026212453842163086,30,False,None-euclidean,<class 'QueryModels.KmeansSampling'>,1fermat
91.0,-0.026212453842163086,40,False,None-euclidean,<class 'QueryModels.KmeansSampling'>,1fermat
63.0,-0.020828723907470703,10,False,None-euclidean,<class 'QueryModels.KmeansSampling'>,2fermat
70.0,-0.020828723907470703,20,False,None-euclidean,<class 'QueryModels.KmeansSampling'>,2fermat
70.0,-0.020828723907470703,30,False,None-euclidean,<class 'QueryModels.KmeansSampling'>,2fermat
72.0,-0.020828723907470703,40,False,None-euclidean,<class 'QueryModels.KmeansSampling'>,2fermat
64.0,-1.7323625087738037,10,False,full-2fermat,<class 'QueryModels.GraphKmeansSampling'>,euclidean
79.0,-1.7323625087738037,20,False,full-2fermat,<class 'QueryModels.GraphKmeansSampling'>,euclidean
86.0,-1.7323625087738037,30,False,full-2fermat,<class 'QueryModels.GraphKmeansSampling'>,euclidean
89.0,-1.7323625087738037,40,False,full-2fermat,<class 'QueryModels.GraphKmeansSampling'>,euclidean
75.0,-1.727234125137329,10,False,full-2fermat,<class 'QueryModels.GraphKmeansSampling'>,1fermat
83.0,-1.727234125137329,20,False,full-2fermat,<class 'QueryModels.GraphKmeansSampling'>,1fermat
89.0,-1.727234125137329,30,False,full-2fermat,<class 'QueryModels.GraphKmeansSampling'>,1fermat
91.0,-1.727234125137329,40,False,full-2fermat,<class 'QueryModels.GraphKmeansSampling'>,1fermat
62.0,-1.733224630355835,10,False,full-2fermat,<class 'QueryModels.GraphKmeansSampling'>,2fermat
68.0,-1.733224630355835,20,False,full-2fermat,<class 'QueryModels.GraphKmeansSampling'>,2fermat
68.0,-1.733224630355835,30,False,full-2fermat,<class 'QueryModels.GraphKmeansSampling'>,2fermat
70.0,-1.733224630355835,40,False,full-2fermat,<class 'QueryModels.GraphKmeansSampling'>,2fermat
83.0,-0.33243536949157715,10,False,epsilon-euclidean,<class 'QueryModels.ProbCoverSampling'>,euclidean
87.0,-0.33243536949157715,20,False,epsilon-euclidean,<class 'QueryModels.ProbCoverSampling'>,euclidean
88.0,-0.33243536949157715,30,False,epsilon-euclidean,<class 'QueryModels.ProbCoverSampling'>,euclidean
90.0,-0.33243536949157715,40,False,epsilon-euclidean,<class 'QueryModels.ProbCoverSampling'>,euclidean
78.0,-0.33980679512023926,10,False,epsilon-euclidean,<class 'QueryModels.ProbCoverSampling'>,1fermat
86.0,-0.33980679512023926,20,False,epsilon-euclidean,<class 'QueryModels.ProbCoverSampling'>,1fermat
89.0,-0.33980679512023926,30,False,epsilon-euclidean,<class 'QueryModels.ProbCoverSampling'>,1fermat
91.0,-0.33980679512023926,40,False,epsilon-euclidean,<class 'QueryModels.ProbCoverSampling'>,1fermat
64.0,-0.39162182807922363,10,False,epsilon-euclidean,<class 'QueryModels.ProbCoverSampling'>,2fermat
67.0,-0.39162182807922363,20,False,epsilon-euclidean,<class 'QueryModels.ProbCoverSampling'>,2fermat
69.0,-0.39162182807922363,30,False,epsilon-euclidean,<class 'QueryModels.ProbCoverSampling'>,2fermat
71.0,-0.39162182807922363,40,False,epsilon-euclidean,<class 'QueryModels.ProbCoverSampling'>,2fermat
76.0,-0.6503362655639648,10,False,epsilon-2fermat,<class 'QueryModels.ProbCoverSampling'>,euclidean
82.0,-0.6503362655639648,20,False,epsilon-2fermat,<class 'QueryModels.ProbCoverSampling'>,euclidean
83.0,-0.6503362655639648,30,False,epsilon-2fermat,<class 'QueryModels.ProbCoverSampling'>,euclidean
84.0,-0.6503362655639648,40,False,epsilon-2fermat,<class 'QueryModels.ProbCoverSampling'>,euclidean
59.0,-0.7918052673339844,10,False,epsilon-2fermat,<class 'QueryModels.ProbCoverSampling'>,1fermat
85.0,-0.7918052673339844,20,False,epsilon-2fermat,<class 'QueryModels.ProbCoverSampling'>,1fermat
86.0,-0.7918052673339844,30,False,epsilon-2fermat,<class 'QueryModels.ProbCoverSampling'>,1fermat
87.0,-0.7918052673339844,40,False,epsilon-2fermat,<class 'QueryModels.ProbCoverSampling'>,1fermat
54.0,-0.6354117393493652,10,False,epsilon-2fermat,<class 'QueryModels.ProbCoverSampling'>,2fermat
68.0,-0.6354117393493652,20,False,epsilon-2fermat,<class 'QueryModels.ProbCoverSampling'>,2fermat
69.0,-0.6354117393493652,30,False,epsilon-2fermat,<class 'QueryModels.ProbCoverSampling'>,2fermat
70.0,-0.6354117393493652,40,False,epsilon-2fermat,<class 'QueryModels.ProbCoverSampling'>,2fermat
62.0,-0.03724265098571777,10,epsilon,None-None,<class 'QueryModels.RandomSampling'>,euclidean
68.0,-0.03724265098571777,20,epsilon,None-None,<class 'QueryModels.RandomSampling'>,euclidean
79.0,-0.03724265098571777,30,epsilon,None-None,<class 'QueryModels.RandomSampling'>,euclidean
83.0,-0.03724265098571777,40,epsilon,None-None,<class 'QueryModels.RandomSampling'>,euclidean
50.0,-0.040413856506347656,10,epsilon,None-None,<class 'QueryModels.RandomSampling'>,1fermat
73.0,-0.040413856506347656,20,epsilon,None-None,<class 'QueryModels.RandomSampling'>,1fermat
87.0,-0.040413856506347656,30,epsilon,None-None,<class 'QueryModels.RandomSampling'>,1fermat
84.0,-0.040413856506347656,40,epsilon,None-None,<class 'QueryModels.RandomSampling'>,1fermat
42.0,-0.03995108604431152,10,epsilon,None-None,<class 'QueryModels.RandomSampling'>,2fermat
43.0,-0.03995108604431152,20,epsilon,None-None,<class 'QueryModels.RandomSampling'>,2fermat
58.0,-0.03995108604431152,30,epsilon,None-None,<class 'QueryModels.RandomSampling'>,2fermat
67.0,-0.03995108604431152,40,epsilon,None-None,<class 'QueryModels.RandomSampling'>,2fermat
79.0,-0.03602457046508789,10,epsilon,None-euclidean,<class 'QueryModels.KmeansSampling'>,euclidean
88.0,-0.03602457046508789,20,epsilon,None-euclidean,<class 'QueryModels.KmeansSampling'>,euclidean
91.0,-0.03602457046508789,30,epsilon,None-euclidean,<class 'QueryModels.KmeansSampling'>,euclidean
91.0,-0.03602457046508789,40,epsilon,None-euclidean,<class 'QueryModels.KmeansSampling'>,euclidean
84.0,-0.037865400314331055,10,epsilon,None-euclidean,<class 'QueryModels.KmeansSampling'>,1fermat
91.0,-0.037865400314331055,20,epsilon,None-euclidean,<class 'QueryModels.KmeansSampling'>,1fermat
92.0,-0.037865400314331055,30,epsilon,None-euclidean,<class 'QueryModels.KmeansSampling'>,1fermat
92.0,-0.037865400314331055,40,epsilon,None-euclidean,<class 'QueryModels.KmeansSampling'>,1fermat
55.0,-0.038741111755371094,10,epsilon,None-euclidean,<class 'QueryModels.KmeansSampling'>,2fermat
69.0,-0.038741111755371094,20,epsilon,None-euclidean,<class 'QueryModels.KmeansSampling'>,2fermat
71.0,-0.038741111755371094,30,epsilon,None-euclidean,<class 'QueryModels.KmeansSampling'>,2fermat
71.0,-0.038741111755371094,40,epsilon,None-euclidean,<class 'QueryModels.KmeansSampling'>,2fermat
61.0,-0.042336225509643555,10,epsilon,full-2fermat,<class 'QueryModels.GraphKmeansSampling'>,euclidean
75.0,-0.042336225509643555,20,epsilon,full-2fermat,<class 'QueryModels.GraphKmeansSampling'>,euclidean
89.0,-0.042336225509643555,30,epsilon,full-2fermat,<class 'QueryModels.GraphKmeansSampling'>,euclidean
87.0,-0.042336225509643555,40,epsilon,full-2fermat,<class 'QueryModels.GraphKmeansSampling'>,euclidean
78.0,-0.044189453125,10,epsilon,full-2fermat,<class 'QueryModels.GraphKmeansSampling'>,1fermat
89.0,-0.044189453125,20,epsilon,full-2fermat,<class 'QueryModels.GraphKmeansSampling'>,1fermat
90.0,-0.044189453125,30,epsilon,full-2fermat,<class 'QueryModels.GraphKmeansSampling'>,1fermat
87.0,-0.044189453125,40,epsilon,full-2fermat,<class 'QueryModels.GraphKmeansSampling'>,1fermat
56.0,-0.04760026931762695,10,epsilon,full-2fermat,<class 'QueryModels.GraphKmeansSampling'>,2fermat
66.0,-0.04760026931762695,20,epsilon,full-2fermat,<class 'QueryModels.GraphKmeansSampling'>,2fermat
62.0,-0.04760026931762695,30,epsilon,full-2fermat,<class 'QueryModels.GraphKmeansSampling'>,2fermat
70.0,-0.04760026931762695,40,epsilon,full-2fermat,<class 'QueryModels.GraphKmeansSampling'>,2fermat
84.0,-0.04936981201171875,10,epsilon,epsilon-euclidean,<class 'QueryModels.ProbCoverSampling'>,euclidean
88.0,-0.04936981201171875,20,epsilon,epsilon-euclidean,<class 'QueryModels.ProbCoverSampling'>,euclidean
92.0,-0.04936981201171875,30,epsilon,epsilon-euclidean,<class 'QueryModels.ProbCoverSampling'>,euclidean
93.0,-0.04936981201171875,40,epsilon,epsilon-euclidean,<class 'QueryModels.ProbCoverSampling'>,euclidean
82.0,-0.04428291320800781,10,epsilon,epsilon-euclidean,<class 'QueryModels.ProbCoverSampling'>,1fermat
91.0,-0.04428291320800781,20,epsilon,epsilon-euclidean,<class 'QueryModels.ProbCoverSampling'>,1fermat
92.0,-0.04428291320800781,30,epsilon,epsilon-euclidean,<class 'QueryModels.ProbCoverSampling'>,1fermat
93.0,-0.04428291320800781,40,epsilon,epsilon-euclidean,<class 'QueryModels.ProbCoverSampling'>,1fermat
67.0,-0.038543701171875,10,epsilon,epsilon-euclidean,<class 'QueryModels.ProbCoverSampling'>,2fermat
69.0,-0.038543701171875,20,epsilon,epsilon-euclidean,<class 'QueryModels.ProbCoverSampling'>,2fermat
70.0,-0.038543701171875,30,epsilon,epsilon-euclidean,<class 'QueryModels.ProbCoverSampling'>,2fermat
71.0,-0.038543701171875,40,epsilon,epsilon-euclidean,<class 'QueryModels.ProbCoverSampling'>,2fermat
61.0,-0.03912544250488281,10,epsilon,epsilon-2fermat,<class 'QueryModels.ProbCoverSampling'>,euclidean
82.0,-0.03912544250488281,20,epsilon,epsilon-2fermat,<class 'QueryModels.ProbCoverSampling'>,euclidean
87.0,-0.03912544250488281,30,epsilon,epsilon-2fermat,<class 'QueryModels.ProbCoverSampling'>,euclidean
88.0,-0.03912544250488281,40,epsilon,epsilon-2fermat,<class 'QueryModels.ProbCoverSampling'>,euclidean
75.0,-0.040299177169799805,10,epsilon,epsilon-2fermat,<class 'QueryModels.ProbCoverSampling'>,1fermat
81.0,-0.040299177169799805,20,epsilon,epsilon-2fermat,<class 'QueryModels.ProbCoverSampling'>,1fermat
84.0,-0.040299177169799805,30,epsilon,epsilon-2fermat,<class 'QueryModels.ProbCoverSampling'>,1fermat
84.0,-0.040299177169799805,40,epsilon,epsilon-2fermat,<class 'QueryModels.ProbCoverSampling'>,1fermat
59.0,-0.042371273040771484,10,epsilon,epsilon-2fermat,<class 'QueryModels.ProbCoverSampling'>,2fermat
72.0,-0.042371273040771484,20,epsilon,epsilon-2fermat,<class 'QueryModels.ProbCoverSampling'>,2fermat
78.0,-0.042371273040771484,30,epsilon,epsilon-2fermat,<class 'QueryModels.ProbCoverSampling'>,2fermat
73.0,-0.042371273040771484,40,epsilon,epsilon-2fermat,<class 'QueryModels.ProbCoverSampling'>,2fermat
49.0,-0.0002701282501220703,10,False,None-None,<class 'QueryModels.RandomSampling'>,euclidean
72.0,-0.0002701282501220703,20,False,None-None,<class 'QueryModels.RandomSampling'>,euclidean
79.0,-0.0002701282501220703,30,False,None-None,<class 'QueryModels.RandomSampling'>,euclidean
83.0,-0.0002701282501220703,40,False,None-None,<class 'QueryModels.RandomSampling'>,euclidean
47.0,-0.0002396106719970703,10,False,None-None,<class 'QueryModels.RandomSampling'>,1fermat
68.0,-0.0002396106719970703,20,False,None-None,<class 'QueryModels.RandomSampling'>,1fermat
90.0,-0.0002396106719970703,30,False,None-None,<class 'QueryModels.RandomSampling'>,1fermat
91.0,-0.0002396106719970703,40,False,None-None,<class 'QueryModels.RandomSampling'>,1fermat
31.0,-0.00043964385986328125,10,False,None-None,<class 'QueryModels.RandomSampling'>,2fermat
56.0,-0.00043964385986328125,20,False,None-None,<class 'QueryModels.RandomSampling'>,2fermat
59.0,-0.00043964385986328125,30,False,None-None,<class 'QueryModels.RandomSampling'>,2fermat
64.0,-0.00043964385986328125,40,False,None-None,<class 'QueryModels.RandomSampling'>,2fermat
65.0,-0.020301342010498047,10,False,None-euclidean,<class 'QueryModels.KmeansSampling'>,euclidean
85.0,-0.020301342010498047,20,False,None-euclidean,<class 'QueryModels.KmeansSampling'>,euclidean
88.0,-0.020301342010498047,30,False,None-euclidean,<class 'QueryModels.KmeansSampling'>,euclidean
92.0,-0.020301342010498047,40,False,None-euclidean,<class 'QueryModels.KmeansSampling'>,euclidean
58.0,-0.02060103416442871,10,False,None-euclidean,<class 'QueryModels.KmeansSampling'>,1fermat
81.0,-0.02060103416442871,20,False,None-euclidean,<class 'QueryModels.KmeansSampling'>,1fermat
90.0,-0.02060103416442871,30,False,None-euclidean,<class 'QueryModels.KmeansSampling'>,1fermat
91.0,-0.02060103416442871,40,False,None-euclidean,<class 'QueryModels.KmeansSampling'>,1fermat
51.0,-0.13046646118164062,10,False,None-euclidean,<class 'QueryModels.KmeansSampling'>,2fermat
71.0,-0.13046646118164062,20,False,None-euclidean,<class 'QueryModels.KmeansSampling'>,2fermat
72.0,-0.13046646118164062,30,False,None-euclidean,<class 'QueryModels.KmeansSampling'>,2fermat
73.0,-0.13046646118164062,40,False,None-euclidean,<class 'QueryModels.KmeansSampling'>,2fermat
71.0,-1.7462496757507324,10,False,full-2fermat,<class 'QueryModels.GraphKmeansSampling'>,euclidean
86.0,-1.7462496757507324,20,False,full-2fermat,<class 'QueryModels.GraphKmeansSampling'>,euclidean
90.0,-1.7462496757507324,30,False,full-2fermat,<class 'QueryModels.GraphKmeansSampling'>,euclidean
90.0,-1.7462496757507324,40,False,full-2fermat,<class 'QueryModels.GraphKmeansSampling'>,euclidean
73.0,-1.771709680557251,10,False,full-2fermat,<class 'QueryModels.GraphKmeansSampling'>,1fermat
86.0,-1.771709680557251,20,False,full-2fermat,<class 'QueryModels.GraphKmeansSampling'>,1fermat
86.0,-1.771709680557251,30,False,full-2fermat,<class 'QueryModels.GraphKmeansSampling'>,1fermat
90.0,-1.771709680557251,40,False,full-2fermat,<class 'QueryModels.GraphKmeansSampling'>,1fermat
47.0,-1.759237289428711,10,False,full-2fermat,<class 'QueryModels.GraphKmeansSampling'>,2fermat
59.0,-1.759237289428711,20,False,full-2fermat,<class 'QueryModels.GraphKmeansSampling'>,2fermat
66.0,-1.759237289428711,30,False,full-2fermat,<class 'QueryModels.GraphKmeansSampling'>,2fermat
67.0,-1.759237289428711,40,False,full-2fermat,<class 'QueryModels.GraphKmeansSampling'>,2fermat
76.0,-0.3882620334625244,10,False,epsilon-euclidean,<class 'QueryModels.ProbCoverSampling'>,euclidean
88.0,-0.3882620334625244,20,False,epsilon-euclidean,<class 'QueryModels.ProbCoverSampling'>,euclidean
90.0,-0.3882620334625244,30,False,epsilon-euclidean,<class 'QueryModels.ProbCoverSampling'>,euclidean
90.0,-0.3882620334625244,40,False,epsilon-euclidean,<class 'QueryModels.ProbCoverSampling'>,euclidean
81.0,-0.3978877067565918,10,False,epsilon-euclidean,<class 'QueryModels.ProbCoverSampling'>,1fermat
91.0,-0.3978877067565918,20,False,epsilon-euclidean,<class 'QueryModels.ProbCoverSampling'>,1fermat
91.0,-0.3978877067565918,30,False,epsilon-euclidean,<class 'QueryModels.ProbCoverSampling'>,1fermat
92.0,-0.3978877067565918,40,False,epsilon-euclidean,<class 'QueryModels.ProbCoverSampling'>,1fermat
64.0,-0.3813338279724121,10,False,epsilon-euclidean,<class 'QueryModels.ProbCoverSampling'>,2fermat
70.0,-0.3813338279724121,20,False,epsilon-euclidean,<class 'QueryModels.ProbCoverSampling'>,2fermat
71.0,-0.3813338279724121,30,False,epsilon-euclidean,<class 'QueryModels.ProbCoverSampling'>,2fermat
72.0,-0.3813338279724121,40,False,epsilon-euclidean,<class 'QueryModels.ProbCoverSampling'>,2fermat
72.0,-0.7008140087127686,10,False,epsilon-2fermat,<class 'QueryModels.ProbCoverSampling'>,euclidean
77.0,-0.7008140087127686,20,False,epsilon-2fermat,<class 'QueryModels.ProbCoverSampling'>,euclidean
77.0,-0.7008140087127686,30,False,epsilon-2fermat,<class 'QueryModels.ProbCoverSampling'>,euclidean
78.0,-0.7008140087127686,40,False,epsilon-2fermat,<class 'QueryModels.ProbCoverSampling'>,euclidean
87.0,-0.6525955200195312,10,False,epsilon-2fermat,<class 'QueryModels.ProbCoverSampling'>,1fermat
87.0,-0.6525955200195312,20,False,epsilon-2fermat,<class 'QueryModels.ProbCoverSampling'>,1fermat
87.0,-0.6525955200195312,30,False,epsilon-2fermat,<class 'QueryModels.ProbCoverSampling'>,1fermat
88.0,-0.6525955200195312,40,False,epsilon-2fermat,<class 'QueryModels.ProbCoverSampling'>,1fermat
64.0,-0.7298970222473145,10,False,epsilon-2fermat,<class 'QueryModels.ProbCoverSampling'>,2fermat
66.0,-0.7298970222473145,20,False,epsilon-2fermat,<class 'QueryModels.ProbCoverSampling'>,2fermat
66.0,-0.7298970222473145,30,False,epsilon-2fermat,<class 'QueryModels.ProbCoverSampling'>,2fermat
67.0,-0.7298970222473145,40,False,epsilon-2fermat,<class 'QueryModels.ProbCoverSampling'>,2fermat
66.0,-0.04276871681213379,10,epsilon,None-None,<class 'QueryModels.RandomSampling'>,euclidean
72.0,-0.04276871681213379,20,epsilon,None-None,<class 'QueryModels.RandomSampling'>,euclidean
77.0,-0.04276871681213379,30,epsilon,None-None,<class 'QueryModels.RandomSampling'>,euclidean
82.0,-0.04276871681213379,40,epsilon,None-None,<class 'QueryModels.RandomSampling'>,euclidean
67.0,-0.03914642333984375,10,epsilon,None-None,<class 'QueryModels.RandomSampling'>,1fermat
76.0,-0.03914642333984375,20,epsilon,None-None,<class 'QueryModels.RandomSampling'>,1fermat
88.0,-0.03914642333984375,30,epsilon,None-None,<class 'QueryModels.RandomSampling'>,1fermat
87.0,-0.03914642333984375,40,epsilon,None-None,<class 'QueryModels.RandomSampling'>,1fermat
36.0,-0.039446115493774414,10,epsilon,None-None,<class 'QueryModels.RandomSampling'>,2fermat
57.0,-0.039446115493774414,20,epsilon,None-None,<class 'QueryModels.RandomSampling'>,2fermat
57.0,-0.039446115493774414,30,epsilon,None-None,<class 'QueryModels.RandomSampling'>,2fermat
62.0,-0.039446115493774414,40,epsilon,None-None,<class 'QueryModels.RandomSampling'>,2fermat
84.0,-0.04008626937866211,10,epsilon,None-euclidean,<class 'QueryModels.KmeansSampling'>,euclidean
90.0,-0.04008626937866211,20,epsilon,None-euclidean,<class 'QueryModels.KmeansSampling'>,euclidean
92.0,-0.04008626937866211,30,epsilon,None-euclidean,<class 'QueryModels.KmeansSampling'>,euclidean
92.0,-0.04008626937866211,40,epsilon,None-euclidean,<class 'QueryModels.KmeansSampling'>,euclidean
85.0,-0.04111313819885254,10,epsilon,None-euclidean,<class 'QueryModels.KmeansSampling'>,1fermat
92.0,-0.04111313819885254,20,epsilon,None-euclidean,<class 'QueryModels.KmeansSampling'>,1fermat
93.0,-0.04111313819885254,30,epsilon,None-euclidean,<class 'QueryModels.KmeansSampling'>,1fermat
93.0,-0.04111313819885254,40,epsilon,None-euclidean,<class 'QueryModels.KmeansSampling'>,1fermat
62.0,-0.04302239418029785,10,epsilon,None-euclidean,<class 'QueryModels.KmeansSampling'>,2fermat
72.0,-0.04302239418029785,20,epsilon,None-euclidean,<class 'QueryModels.KmeansSampling'>,2fermat
73.0,-0.04302239418029785,30,epsilon,None-euclidean,<class 'QueryModels.KmeansSampling'>,2fermat
74.0,-0.04302239418029785,40,epsilon,None-euclidean,<class 'QueryModels.KmeansSampling'>,2fermat
64.0,-0.04301810264587402,10,epsilon,full-2fermat,<class 'QueryModels.GraphKmeansSampling'>,euclidean
85.0,-0.04301810264587402,20,epsilon,full-2fermat,<class 'QueryModels.GraphKmeansSampling'>,euclidean
88.0,-0.04301810264587402,30,epsilon,full-2fermat,<class 'QueryModels.GraphKmeansSampling'>,euclidean
92.0,-0.04301810264587402,40,epsilon,full-2fermat,<class 'QueryModels.GraphKmeansSampling'>,euclidean
82.0,-0.04353046417236328,10,epsilon,full-2fermat,<class 'QueryModels.GraphKmeansSampling'>,1fermat
90.0,-0.04353046417236328,20,epsilon,full-2fermat,<class 'QueryModels.GraphKmeansSampling'>,1fermat
88.0,-0.04353046417236328,30,epsilon,full-2fermat,<class 'QueryModels.GraphKmeansSampling'>,1fermat
91.0,-0.04353046417236328,40,epsilon,full-2fermat,<class 'QueryModels.GraphKmeansSampling'>,1fermat
51.0,-0.04285740852355957,10,epsilon,full-2fermat,<class 'QueryModels.GraphKmeansSampling'>,2fermat
60.0,-0.04285740852355957,20,epsilon,full-2fermat,<class 'QueryModels.GraphKmeansSampling'>,2fermat
61.0,-0.04285740852355957,30,epsilon,full-2fermat,<class 'QueryModels.GraphKmeansSampling'>,2fermat
61.0,-0.04285740852355957,40,epsilon,full-2fermat,<class 'QueryModels.GraphKmeansSampling'>,2fermat
78.0,-0.04043173789978027,10,epsilon,epsilon-euclidean,<class 'QueryModels.ProbCoverSampling'>,euclidean
86.0,-0.04043173789978027,20,epsilon,epsilon-euclidean,<class 'QueryModels.ProbCoverSampling'>,euclidean
89.0,-0.04043173789978027,30,epsilon,epsilon-euclidean,<class 'QueryModels.ProbCoverSampling'>,euclidean
92.0,-0.04043173789978027,40,epsilon,epsilon-euclidean,<class 'QueryModels.ProbCoverSampling'>,euclidean
83.0,-0.04146552085876465,10,epsilon,epsilon-euclidean,<class 'QueryModels.ProbCoverSampling'>,1fermat
89.0,-0.04146552085876465,20,epsilon,epsilon-euclidean,<class 'QueryModels.ProbCoverSampling'>,1fermat
91.0,-0.04146552085876465,30,epsilon,epsilon-euclidean,<class 'QueryModels.ProbCoverSampling'>,1fermat
91.0,-0.04146552085876465,40,epsilon,epsilon-euclidean,<class 'QueryModels.ProbCoverSampling'>,1fermat
69.0,-0.04083108901977539,10,epsilon,epsilon-euclidean,<class 'QueryModels.ProbCoverSampling'>,2fermat
74.0,-0.04083108901977539,20,epsilon,epsilon-euclidean,<class 'QueryModels.ProbCoverSampling'>,2fermat
74.0,-0.04083108901977539,30,epsilon,epsilon-euclidean,<class 'QueryModels.ProbCoverSampling'>,2fermat
75.0,-0.04083108901977539,40,epsilon,epsilon-euclidean,<class 'QueryModels.ProbCoverSampling'>,2fermat
55.0,-0.04160499572753906,10,epsilon,epsilon-2fermat,<class 'QueryModels.ProbCoverSampling'>,euclidean
75.0,-0.04160499572753906,20,epsilon,epsilon-2fermat,<class 'QueryModels.ProbCoverSampling'>,euclidean
85.0,-0.04160499572753906,30,epsilon,epsilon-2fermat,<class 'QueryModels.ProbCoverSampling'>,euclidean
86.0,-0.04160499572753906,40,epsilon,epsilon-2fermat,<class 'QueryModels.ProbCoverSampling'>,euclidean
60.0,-0.04361605644226074,10,epsilon,epsilon-2fermat,<class 'QueryModels.ProbCoverSampling'>,1fermat
79.0,-0.04361605644226074,20,epsilon,epsilon-2fermat,<class 'QueryModels.ProbCoverSampling'>,1fermat
88.0,-0.04361605644226074,30,epsilon,epsilon-2fermat,<class 'QueryModels.ProbCoverSampling'>,1fermat
88.0,-0.04361605644226074,40,epsilon,epsilon-2fermat,<class 'QueryModels.ProbCoverSampling'>,1fermat
55.0,-0.04711771011352539,10,epsilon,epsilon-2fermat,<class 'QueryModels.ProbCoverSampling'>,2fermat
65.0,-0.04711771011352539,20,epsilon,epsilon-2fermat,<class 'QueryModels.ProbCoverSampling'>,2fermat
65.0,-0.04711771011352539,30,epsilon,epsilon-2fermat,<class 'QueryModels.ProbCoverSampling'>,2fermat
65.0,-0.04711771011352539,40,epsilon,epsilon-2fermat,<class 'QueryModels.ProbCoverSampling'>,2fermat
38.0,-0.0003223419189453125,10,False,None-None,<class 'QueryModels.RandomSampling'>,euclidean
70.0,-0.0003223419189453125,20,False,None-None,<class 'QueryModels.RandomSampling'>,euclidean
78.0,-0.0003223419189453125,30,False,None-None,<class 'QueryModels.RandomSampling'>,euclidean
81.0,-0.0003223419189453125,40,False,None-None,<class 'QueryModels.RandomSampling'>,euclidean
49.0,-0.0003314018249511719,10,False,None-None,<class 'QueryModels.RandomSampling'>,1fermat
58.0,-0.0003314018249511719,20,False,None-None,<class 'QueryModels.RandomSampling'>,1fermat
86.0,-0.0003314018249511719,30,False,None-None,<class 'QueryModels.RandomSampling'>,1fermat
89.0,-0.0003314018249511719,40,False,None-None,<class 'QueryModels.RandomSampling'>,1fermat
37.0,-0.0002682209014892578,10,False,None-None,<class 'QueryModels.RandomSampling'>,2fermat
53.0,-0.0002682209014892578,20,False,None-None,<class 'QueryModels.RandomSampling'>,2fermat
72.0,-0.0002682209014892578,30,False,None-None,<class 'QueryModels.RandomSampling'>,2fermat
72.0,-0.0002682209014892578,40,False,None-None,<class 'QueryModels.RandomSampling'>,2fermat
65.0,-0.022258520126342773,10,False,None-euclidean,<class 'QueryModels.KmeansSampling'>,euclidean
88.0,-0.022258520126342773,20,False,None-euclidean,<class 'QueryModels.KmeansSampling'>,euclidean
90.0,-0.022258520126342773,30,False,None-euclidean,<class 'QueryModels.KmeansSampling'>,euclidean
93.0,-0.022258520126342773,40,False,None-euclidean,<class 'QueryModels.KmeansSampling'>,euclidean
67.0,-0.022144794464111328,10,False,None-euclidean,<class 'QueryModels.KmeansSampling'>,1fermat
87.0,-0.022144794464111328,20,False,None-euclidean,<class 'QueryModels.KmeansSampling'>,1fermat
88.0,-0.022144794464111328,30,False,None-euclidean,<class 'QueryModels.KmeansSampling'>,1fermat
91.0,-0.022144794464111328,40,False,None-euclidean,<class 'QueryModels.KmeansSampling'>,1fermat
50.0,-0.02239060401916504,10,False,None-euclidean,<class 'QueryModels.KmeansSampling'>,2fermat
64.0,-0.02239060401916504,20,False,None-euclidean,<class 'QueryModels.KmeansSampling'>,2fermat
66.0,-0.02239060401916504,30,False,None-euclidean,<class 'QueryModels.KmeansSampling'>,2fermat
70.0,-0.02239060401916504,40,False,None-euclidean,<class 'QueryModels.KmeansSampling'>,2fermat
64.0,-1.5649058818817139,10,False,full-2fermat,<class 'QueryModels.GraphKmeansSampling'>,euclidean
75.0,-1.5649058818817139,20,False,full-2fermat,<class 'QueryModels.GraphKmeansSampling'>,euclidean
85.0,-1.5649058818817139,30,False,full-2fermat,<class 'QueryModels.GraphKmeansSampling'>,euclidean
89.0,-1.5649058818817139,40,False,full-2fermat,<class 'QueryModels.GraphKmeansSampling'>,euclidean
70.0,-1.7382571697235107,10,False,full-2fermat,<class 'QueryModels.GraphKmeansSampling'>,1fermat
90.0,-1.7382571697235107,20,False,full-2fermat,<class 'QueryModels.GraphKmeansSampling'>,1fermat
90.0,-1.7382571697235107,30,False,full-2fermat,<class 'QueryModels.GraphKmeansSampling'>,1fermat
88.0,-1.7382571697235107,40,False,full-2fermat,<class 'QueryModels.GraphKmeansSampling'>,1fermat
62.0,-1.7557635307312012,10,False,full-2fermat,<class 'QueryModels.GraphKmeansSampling'>,2fermat
64.0,-1.7557635307312012,20,False,full-2fermat,<class 'QueryModels.GraphKmeansSampling'>,2fermat
69.0,-1.7557635307312012,30,False,full-2fermat,<class 'QueryModels.GraphKmeansSampling'>,2fermat
74.0,-1.7557635307312012,40,False,full-2fermat,<class 'QueryModels.GraphKmeansSampling'>,2fermat
80.0,-0.37228846549987793,10,False,epsilon-euclidean,<class 'QueryModels.ProbCoverSampling'>,euclidean
87.0,-0.37228846549987793,20,False,epsilon-euclidean,<class 'QueryModels.ProbCoverSampling'>,euclidean
89.0,-0.37228846549987793,30,False,epsilon-euclidean,<class 'QueryModels.ProbCoverSampling'>,euclidean
92.0,-0.37228846549987793,40,False,epsilon-euclidean,<class 'QueryModels.ProbCoverSampling'>,euclidean
88.0,-0.3906722068786621,10,False,epsilon-euclidean,<class 'QueryModels.ProbCoverSampling'>,1fermat
90.0,-0.3906722068786621,20,False,epsilon-euclidean,<class 'QueryModels.ProbCoverSampling'>,1fermat
90.0,-0.3906722068786621,30,False,epsilon-euclidean,<class 'QueryModels.ProbCoverSampling'>,1fermat
92.0,-0.3906722068786621,40,False,epsilon-euclidean,<class 'QueryModels.ProbCoverSampling'>,1fermat
64.0,-0.3769416809082031,10,False,epsilon-euclidean,<class 'QueryModels.ProbCoverSampling'>,2fermat
68.0,-0.3769416809082031,20,False,epsilon-euclidean,<class 'QueryModels.ProbCoverSampling'>,2fermat
70.0,-0.3769416809082031,30,False,epsilon-euclidean,<class 'QueryModels.ProbCoverSampling'>,2fermat
71.0,-0.3769416809082031,40,False,epsilon-euclidean,<class 'QueryModels.ProbCoverSampling'>,2fermat
64.0,-0.7084970474243164,10,False,epsilon-2fermat,<class 'QueryModels.ProbCoverSampling'>,euclidean
76.0,-0.7084970474243164,20,False,epsilon-2fermat,<class 'QueryModels.ProbCoverSampling'>,euclidean
78.0,-0.7084970474243164,30,False,epsilon-2fermat,<class 'QueryModels.ProbCoverSampling'>,euclidean
79.0,-0.7084970474243164,40,False,epsilon-2fermat,<class 'QueryModels.ProbCoverSampling'>,euclidean
71.0,-0.6891944408416748,10,False,epsilon-2fermat,<class 'QueryModels.ProbCoverSampling'>,1fermat
89.0,-0.6891944408416748,20,False,epsilon-2fermat,<class 'QueryModels.ProbCoverSampling'>,1fermat
90.0,-0.6891944408416748,30,False,epsilon-2fermat,<class 'QueryModels.ProbCoverSampling'>,1fermat
91.0,-0.6891944408416748,40,False,epsilon-2fermat,<class 'QueryModels.ProbCoverSampling'>,1fermat
52.0,-0.7161979675292969,10,False,epsilon-2fermat,<class 'QueryModels.ProbCoverSampling'>,2fermat
63.0,-0.7161979675292969,20,False,epsilon-2fermat,<class 'QueryModels.ProbCoverSampling'>,2fermat
64.0,-0.7161979675292969,30,False,epsilon-2fermat,<class 'QueryModels.ProbCoverSampling'>,2fermat
65.0,-0.7161979675292969,40,False,epsilon-2fermat,<class 'QueryModels.ProbCoverSampling'>,2fermat
51.0,-0.041007280349731445,10,epsilon,None-None,<class 'QueryModels.RandomSampling'>,euclidean
73.0,-0.041007280349731445,20,epsilon,None-None,<class 'QueryModels.RandomSampling'>,euclidean
72.0,-0.041007280349731445,30,epsilon,None-None,<class 'QueryModels.RandomSampling'>,euclidean
80.0,-0.041007280349731445,40,epsilon,None-None,<class 'QueryModels.RandomSampling'>,euclidean
72.0,-0.047182559967041016,10,epsilon,None-None,<class 'QueryModels.RandomSampling'>,1fermat
83.0,-0.047182559967041016,20,epsilon,None-None,<class 'QueryModels.RandomSampling'>,1fermat
88.0,-0.047182559967041016,30,epsilon,None-None,<class 'QueryModels.RandomSampling'>,1fermat
89.0,-0.047182559967041016,40,epsilon,None-None,<class 'QueryModels.RandomSampling'>,1fermat
28.0,-0.04123401641845703,10,epsilon,None-None,<class 'QueryModels.RandomSampling'>,2fermat
52.0,-0.04123401641845703,20,epsilon,None-None,<class 'QueryModels.RandomSampling'>,2fermat
55.0,-0.04123401641845703,30,epsilon,None-None,<class 'QueryModels.RandomSampling'>,2fermat
67.0,-0.04123401641845703,40,epsilon,None-None,<class 'QueryModels.RandomSampling'>,2fermat
78.0,-0.04428601264953613,10,epsilon,None-euclidean,<class 'QueryModels.KmeansSampling'>,euclidean
91.0,-0.04428601264953613,20,epsilon,None-euclidean,<class 'QueryModels.KmeansSampling'>,euclidean
91.0,-0.04428601264953613,30,epsilon,None-euclidean,<class 'QueryModels.KmeansSampling'>,euclidean
92.0,-0.04428601264953613,40,epsilon,None-euclidean,<class 'QueryModels.KmeansSampling'>,euclidean
73.0,-0.04482841491699219,10,epsilon,None-euclidean,<class 'QueryModels.KmeansSampling'>,1fermat
90.0,-0.04482841491699219,20,epsilon,None-euclidean,<class 'QueryModels.KmeansSampling'>,1fermat
88.0,-0.04482841491699219,30,epsilon,None-euclidean,<class 'QueryModels.KmeansSampling'>,1fermat
90.0,-0.04482841491699219,40,epsilon,None-euclidean,<class 'QueryModels.KmeansSampling'>,1fermat
65.0,-0.04076838493347168,10,epsilon,None-euclidean,<class 'QueryModels.KmeansSampling'>,2fermat
72.0,-0.04076838493347168,20,epsilon,None-euclidean,<class 'QueryModels.KmeansSampling'>,2fermat
74.0,-0.04076838493347168,30,epsilon,None-euclidean,<class 'QueryModels.KmeansSampling'>,2fermat
76.0,-0.04076838493347168,40,epsilon,None-euclidean,<class 'QueryModels.KmeansSampling'>,2fermat
63.0,-0.04540276527404785,10,epsilon,full-2fermat,<class 'QueryModels.GraphKmeansSampling'>,euclidean
78.0,-0.04540276527404785,20,epsilon,full-2fermat,<class 'QueryModels.GraphKmeansSampling'>,euclidean
87.0,-0.04540276527404785,30,epsilon,full-2fermat,<class 'QueryModels.GraphKmeansSampling'>,euclidean
90.0,-0.04540276527404785,40,epsilon,full-2fermat,<class 'QueryModels.GraphKmeansSampling'>,euclidean
75.0,-0.050643205642700195,10,epsilon,full-2fermat,<class 'QueryModels.GraphKmeansSampling'>,1fermat
90.0,-0.050643205642700195,20,epsilon,full-2fermat,<class 'QueryModels.GraphKmeansSampling'>,1fermat
91.0,-0.050643205642700195,30,epsilon,full-2fermat,<class 'QueryModels.GraphKmeansSampling'>,1fermat
92.0,-0.050643205642700195,40,epsilon,full-2fermat,<class 'QueryModels.GraphKmeansSampling'>,1fermat
41.0,-0.04189038276672363,10,epsilon,full-2fermat,<class 'QueryModels.GraphKmeansSampling'>,2fermat
74.0,-0.04189038276672363,20,epsilon,full-2fermat,<class 'QueryModels.GraphKmeansSampling'>,2fermat
72.0,-0.04189038276672363,30,epsilon,full-2fermat,<class 'QueryModels.GraphKmeansSampling'>,2fermat
75.0,-0.04189038276672363,40,epsilon,full-2fermat,<class 'QueryModels.GraphKmeansSampling'>,2fermat
78.0,-0.047458648681640625,10,epsilon,epsilon-euclidean,<class 'QueryModels.ProbCoverSampling'>,euclidean
91.0,-0.047458648681640625,20,epsilon,epsilon-euclidean,<class 'QueryModels.ProbCoverSampling'>,euclidean
91.0,-0.047458648681640625,30,epsilon,epsilon-euclidean,<class 'QueryModels.ProbCoverSampling'>,euclidean
94.0,-0.047458648681640625,40,epsilon,epsilon-euclidean,<class 'QueryModels.ProbCoverSampling'>,euclidean
81.0,-0.04589676856994629,10,epsilon,epsilon-euclidean,<class 'QueryModels.ProbCoverSampling'>,1fermat
89.0,-0.04589676856994629,20,epsilon,epsilon-euclidean,<class 'QueryModels.ProbCoverSampling'>,1fermat
91.0,-0.04589676856994629,30,epsilon,epsilon-euclidean,<class 'QueryModels.ProbCoverSampling'>,1fermat
91.0,-0.04589676856994629,40,epsilon,epsilon-euclidean,<class 'QueryModels.ProbCoverSampling'>,1fermat
70.0,-0.0441896915435791,10,epsilon,epsilon-euclidean,<class 'QueryModels.ProbCoverSampling'>,2fermat
70.0,-0.0441896915435791,20,epsilon,epsilon-euclidean,<class 'QueryModels.ProbCoverSampling'>,2fermat
73.0,-0.0441896915435791,30,epsilon,epsilon-euclidean,<class 'QueryModels.ProbCoverSampling'>,2fermat
74.0,-0.0441896915435791,40,epsilon,epsilon-euclidean,<class 'QueryModels.ProbCoverSampling'>,2fermat
59.0,-0.03827238082885742,10,epsilon,epsilon-2fermat,<class 'QueryModels.ProbCoverSampling'>,euclidean
79.0,-0.03827238082885742,20,epsilon,epsilon-2fermat,<class 'QueryModels.ProbCoverSampling'>,euclidean
83.0,-0.03827238082885742,30,epsilon,epsilon-2fermat,<class 'QueryModels.ProbCoverSampling'>,euclidean
83.0,-0.03827238082885742,40,epsilon,epsilon-2fermat,<class 'QueryModels.ProbCoverSampling'>,euclidean
81.0,-0.04027366638183594,10,epsilon,epsilon-2fermat,<class 'QueryModels.ProbCoverSampling'>,1fermat
89.0,-0.04027366638183594,20,epsilon,epsilon-2fermat,<class 'QueryModels.ProbCoverSampling'>,1fermat
91.0,-0.04027366638183594,30,epsilon,epsilon-2fermat,<class 'QueryModels.ProbCoverSampling'>,1fermat
91.0,-0.04027366638183594,40,epsilon,epsilon-2fermat,<class 'QueryModels.ProbCoverSampling'>,1fermat
49.0,-0.04538249969482422,10,epsilon,epsilon-2fermat,<class 'QueryModels.ProbCoverSampling'>,2fermat
73.0,-0.04538249969482422,20,epsilon,epsilon-2fermat,<class 'QueryModels.ProbCoverSampling'>,2fermat
74.0,-0.04538249969482422,30,epsilon,epsilon-2fermat,<class 'QueryModels.ProbCoverSampling'>,2fermat
74.0,-0.04538249969482422,40,epsilon,epsilon-2fermat,<class 'QueryModels.ProbCoverSampling'>,2fermat
44.0,-0.00035834312438964844,10,False,None-None,<class 'QueryModels.RandomSampling'>,euclidean
68.0,-0.00035834312438964844,20,False,None-None,<class 'QueryModels.RandomSampling'>,euclidean
71.0,-0.00035834312438964844,30,False,None-None,<class 'QueryModels.RandomSampling'>,euclidean
72.0,-0.00035834312438964844,40,False,None-None,<class 'QueryModels.RandomSampling'>,euclidean
63.0,-0.0002770423889160156,10,False,None-None,<class 'QueryModels.RandomSampling'>,1fermat
84.0,-0.0002770423889160156,20,False,None-None,<class 'QueryModels.RandomSampling'>,1fermat
86.0,-0.0002770423889160156,30,False,None-None,<class 'QueryModels.RandomSampling'>,1fermat
87.0,-0.0002770423889160156,40,False,None-None,<class 'QueryModels.RandomSampling'>,1fermat
30.0,-0.0002791881561279297,10,False,None-None,<class 'QueryModels.RandomSampling'>,2fermat
45.0,-0.0002791881561279297,20,False,None-None,<class 'QueryModels.RandomSampling'>,2fermat
57.0,-0.0002791881561279297,30,False,None-None,<class 'QueryModels.RandomSampling'>,2fermat
68.0,-0.0002791881561279297,40,False,None-None,<class 'QueryModels.RandomSampling'>,2fermat
59.0,-0.020252704620361328,10,False,None-euclidean,<class 'QueryModels.KmeansSampling'>,euclidean
74.0,-0.020252704620361328,20,False,None-euclidean,<class 'QueryModels.KmeansSampling'>,euclidean
86.0,-0.020252704620361328,30,False,None-euclidean,<class 'QueryModels.KmeansSampling'>,euclidean
90.0,-0.020252704620361328,40,False,None-euclidean,<class 'QueryModels.KmeansSampling'>,euclidean
68.0,-0.02386760711669922,10,False,None-euclidean,<class 'QueryModels.KmeansSampling'>,1fermat
90.0,-0.02386760711669922,20,False,None-euclidean,<class 'QueryModels.KmeansSampling'>,1fermat
90.0,-0.02386760711669922,30,False,None-euclidean,<class 'QueryModels.KmeansSampling'>,1fermat
91.0,-0.02386760711669922,40,False,None-euclidean,<class 'QueryModels.KmeansSampling'>,1fermat
61.0,-0.027107954025268555,10,False,None-euclidean,<class 'QueryModels.KmeansSampling'>,2fermat
64.0,-0.027107954025268555,20,False,None-euclidean,<class 'QueryModels.KmeansSampling'>,2fermat
66.0,-0.027107954025268555,30,False,None-euclidean,<class 'QueryModels.KmeansSampling'>,2fermat
67.0,-0.027107954025268555,40,False,None-euclidean,<class 'QueryModels.KmeansSampling'>,2fermat
69.0,-1.5496923923492432,10,False,full-2fermat,<class 'QueryModels.GraphKmeansSampling'>,euclidean
80.0,-1.5496923923492432,20,False,full-2fermat,<class 'QueryModels.GraphKmeansSampling'>,euclidean
87.0,-1.5496923923492432,30,False,full-2fermat,<class 'QueryModels.GraphKmeansSampling'>,euclidean
90.0,-1.5496923923492432,40,False,full-2fermat,<class 'QueryModels.GraphKmeansSampling'>,euclidean
81.0,-1.5281484127044678,10,False,full-2fermat,<class 'QueryModels.GraphKmeansSampling'>,1fermat
89.0,-1.5281484127044678,20,False,full-2fermat,<class 'QueryModels.GraphKmeansSampling'>,1fermat
91.0,-1.5281484127044678,30,False,full-2fermat,<class 'QueryModels.GraphKmeansSampling'>,1fermat
90.0,-1.5281484127044678,40,False,full-2fermat,<class 'QueryModels.GraphKmeansSampling'>,1fermat
48.0,-1.5235767364501953,10,False,full-2fermat,<class 'QueryModels.GraphKmeansSampling'>,2fermat
62.0,-1.5235767364501953,20,False,full-2fermat,<class 'QueryModels.GraphKmeansSampling'>,2fermat
66.0,-1.5235767364501953,30,False,full-2fermat,<class 'QueryModels.GraphKmeansSampling'>,2fermat
67.0,-1.5235767364501953,40,False,full-2fermat,<class 'QueryModels.GraphKmeansSampling'>,2fermat
79.0,-0.3690648078918457,10,False,epsilon-euclidean,<class 'QueryModels.ProbCoverSampling'>,euclidean
89.0,-0.3690648078918457,20,False,epsilon-euclidean,<class 'QueryModels.ProbCoverSampling'>,euclidean
91.0,-0.3690648078918457,30,False,epsilon-euclidean,<class 'QueryModels.ProbCoverSampling'>,euclidean
94.0,-0.3690648078918457,40,False,epsilon-euclidean,<class 'QueryModels.ProbCoverSampling'>,euclidean
84.0,-0.37772536277770996,10,False,epsilon-euclidean,<class 'QueryModels.ProbCoverSampling'>,1fermat
89.0,-0.37772536277770996,20,False,epsilon-euclidean,<class 'QueryModels.ProbCoverSampling'>,1fermat
89.0,-0.37772536277770996,30,False,epsilon-euclidean,<class 'QueryModels.ProbCoverSampling'>,1fermat
91.0,-0.37772536277770996,40,False,epsilon-euclidean,<class 'QueryModels.ProbCoverSampling'>,1fermat
68.0,-0.4021477699279785,10,False,epsilon-euclidean,<class 'QueryModels.ProbCoverSampling'>,2fermat
69.0,-0.4021477699279785,20,False,epsilon-euclidean,<class 'QueryModels.ProbCoverSampling'>,2fermat
71.0,-0.4021477699279785,30,False,epsilon-euclidean,<class 'QueryModels.ProbCoverSampling'>,2fermat
72.0,-0.4021477699279785,40,False,epsilon-euclidean,<class 'QueryModels.ProbCoverSampling'>,2fermat
60.0,-0.6461844444274902,10,False,epsilon-2fermat,<class 'QueryModels.ProbCoverSampling'>,euclidean
72.0,-0.6461844444274902,20,False,epsilon-2fermat,<class 'QueryModels.ProbCoverSampling'>,euclidean
77.0,-0.6461844444274902,30,False,epsilon-2fermat,<class 'QueryModels.ProbCoverSampling'>,euclidean
80.0,-0.6461844444274902,40,False,epsilon-2fermat,<class 'QueryModels.ProbCoverSampling'>,euclidean
72.0,-0.6405668258666992,10,False,epsilon-2fermat,<class 'QueryModels.ProbCoverSampling'>,1fermat
83.0,-0.6405668258666992,20,False,epsilon-2fermat,<class 'QueryModels.ProbCoverSampling'>,1fermat
90.0,-0.6405668258666992,30,False,epsilon-2fermat,<class 'QueryModels.ProbCoverSampling'>,1fermat
90.0,-0.6405668258666992,40,False,epsilon-2fermat,<class 'QueryModels.ProbCoverSampling'>,1fermat
57.0,-0.6187093257904053,10,False,epsilon-2fermat,<class 'QueryModels.ProbCoverSampling'>,2fermat
59.0,-0.6187093257904053,20,False,epsilon-2fermat,<class 'QueryModels.ProbCoverSampling'>,2fermat
68.0,-0.6187093257904053,30,False,epsilon-2fermat,<class 'QueryModels.ProbCoverSampling'>,2fermat
69.0,-0.6187093257904053,40,False,epsilon-2fermat,<class 'QueryModels.ProbCoverSampling'>,2fermat
